Mole Fraction of CO,Hydrocarbon production,Coverage fraction of CO,Coverage fraction of H,Coverage fraction of C,Coverage fraction of empty sites,Average hydrocarbon production,
0.001,34,0,0.9268,0,0.0732,6.8e-005,
0.002,73,0,0.921,0.0001,0.0789,0.000146,
0.003,120,0,0.9282,0,0.0718,0.00024,
0.004,77,0,0.9658,0,0.0342,0.000154,
0.005,156,0,0.9456,0,0.0544,0.000312,
0.006,78,0,0.9748,0,0.0252,0.000156,
0.007,123,0,0.9678,0,0.0322,0.000246,
0.008,73,0,0.9822,0.0002,0.0176,0.000146,
0.009,99,0,0.9786,0.0001,0.0213,0.000198,
0.01,56,0,0.9886,0,0.0114,0.000112,
0.011,126,0,0.9752,0,0.0248,0.000252,
0.012,205,0,0.971,0,0.029,0.00041,
0.013,146,0,0.9786,0,0.0214,0.000292,
0.014,94,0,0.986,0,0.014,0.000188,
0.015,183,0,0.9786,0.0004,0.021,0.000366,
0.016,262,0,0.9684,0.0008,0.0308,0.000524,
0.017,158,0,0.979,0.0001,0.0209,0.000316,
0.018,183,0,0.978,0,0.022,0.000366,
0.019,186,0,0.9768,0,0.0232,0.000372,
0.02,94,0,0.9892,0.0001,0.0107,0.000188,
0.021,336,0,0.9682,0.0003,0.0315,0.000672,
0.022,271,0,0.972,0.0002,0.0278,0.000542,
0.023,199,0,0.9814,0.0001,0.0185,0.000398,
0.024,133,0,0.9878,0.0003,0.0119,0.000266,
0.025,212,0,0.981,0.0001,0.0189,0.000424,
0.026,107,0,0.9916,0,0.0084,0.000214,
0.027,312,0,0.9754,0.0002,0.0244,0.000624,
0.028,101,0,0.9928,0,0.0072,0.000202,
0.029,159,0,0.9892,0.0001,0.0107,0.000318,
0.03,213,0,0.9854,0.0001,0.0145,0.000426,
0.031,122,0,0.9942,0,0.0058,0.000244,
0.032,493,0,0.9664,0.001,0.0326,0.000986,
0.033,252,0,0.9838,0.0005,0.0157,0.000504,
0.034,120,0,0.9928,0,0.0072,0.00024,
0.035,419,0,0.976,0.0008,0.0232,0.000838,
0.036,106,0,0.9946,0.0002,0.0052,0.000212,
0.037,461,0,0.9738,0.0009,0.0253,0.000922,
0.038,256,0,0.9874,0.0007,0.0119,0.000512,
0.039,801,0,0.9628,0.0007,0.0365,0.001602,
0.04,105,0,0.994,0.0001,0.0059,0.00021,
0.041,109,0,0.9934,0.0007,0.0059,0.000218,
0.042,109,0,0.993,0.0007,0.0063,0.000218,
0.043,365,0,0.9822,0.0002,0.0176,0.00073,
0.044,275,0.0001,0.9838,0.0007,0.0154,0.00055,
0.045,321,0,0.9814,0.001,0.0176,0.000642,
0.046,692,0,0.9698,0.0018,0.0284,0.001384,
0.047,320,0,0.9842,0.0012,0.0146,0.00064,
0.048,353,0,0.9844,0.0006,0.015,0.000706,
0.049,256,0,0.987,0.0007,0.0123,0.000512,
0.05,168,0,0.993,0.0004,0.0066,0.000336,
0.051,437,0,0.9826,0.0011,0.0163,0.000874,
0.052,322,0,0.9846,0.0012,0.0142,0.000644,
0.053,293,0,0.9872,0.0006,0.0122,0.000586,
0.054,1087,0.0001,0.9592,0.0025,0.0382,0.002174,
0.055,681,0,0.9724,0.0013,0.0263,0.001362,
0.056,350,0,0.9856,0.0003,0.0141,0.0007,
0.057,1534,0,0.942,0.0033,0.0547,0.003068,
0.058,476,0,0.9788,0.0013,0.0199,0.000952,
0.059,840,0,0.9682,0.002,0.0298,0.00168,
0.06,610,0,0.9772,0.0007,0.0221,0.00122,
0.061,762,0,0.9728,0.0022,0.025,0.001524,
0.062,544,0,0.9792,0.0013,0.0195,0.001088,
0.063,971,0,0.9614,0.0025,0.0361,0.001942,
0.0639999,950,0,0.9618,0.002,0.0362,0.0019,
0.065,797,0,0.976,0.0007,0.0233,0.001594,
0.066,887,0,0.9704,0.0016,0.028,0.001774,
0.067,859,0,0.9706,0.0019,0.0275,0.001718,
0.068,849,0.0001,0.9654,0.0025,0.032,0.001698,
0.069,1042,0.0001,0.9666,0.0037,0.0296,0.002084,
0.07,1137,0,0.9574,0.0026,0.04,0.002274,
0.071,1272,0.0001,0.9506,0.0034,0.0459,0.002544,
0.072,1478,0.0002,0.9482,0.0063,0.0453,0.002956,
0.073,1490,0.0001,0.954,0.0031,0.0428,0.00298,
0.074,1321,0.0002,0.954,0.0049,0.0409,0.002642,
0.075,1765,0,0.943,0.0052,0.0518,0.00353,
0.076,1819,0,0.9386,0.0055,0.0559,0.003638,
0.077,1727,0.0001,0.946,0.0053,0.0486,0.003454,
0.078,1909,0.0003,0.9306,0.0069,0.0622,0.003818,
0.079,2129,0.0001,0.9296,0.0075,0.0628,0.004258,
0.08,2261,0,0.9294,0.0056,0.065,0.004522,
0.081,2841,0.0003,0.9076,0.0084,0.0837,0.005682,
0.082,2211,0.0004,0.9214,0.0072,0.071,0.004422,
0.083,2611,0.0002,0.9208,0.0074,0.0716,0.005222,
0.084,2649,0.0004,0.9144,0.0075,0.0777,0.005298,
0.085,3184,0.0004,0.9014,0.0121,0.0861,0.006368,
0.086,3181,0.0002,0.903,0.0103,0.0865,0.006362,
0.087,2905,0.0002,0.9108,0.0093,0.0797,0.00581,
0.088,3271,0.0003,0.9046,0.0092,0.0859,0.006542,
0.089,3846,0.0002,0.8826,0.0133,0.1039,0.007692,
0.09,3704,0.0005,0.8812,0.0138,0.1045,0.007408,
0.091,4026,0.0003,0.8814,0.0112,0.1071,0.008052,
0.092,4088,0.0005,0.8742,0.0128,0.1125,0.008176,
0.093,4551,0.0004,0.8668,0.0162,0.1166,0.009102,
0.094,4267,0.0004,0.8712,0.0151,0.1133,0.008534,
0.095,4640,0.0006,0.86,0.0158,0.1236,0.00928,
0.096,4830,0.0012,0.8476,0.017,0.1342,0.00966,
0.097,4966,0.0004,0.8566,0.0151,0.1279,0.009932,
0.098,5169,0.0007,0.848,0.0158,0.1355,0.010338,
0.099,4956,0.0006,0.8548,0.0173,0.1273,0.009912,
0.1,5371,0.0007,0.8476,0.0187,0.133,0.010742,
0.101,5484,0.0008,0.8472,0.0189,0.1331,0.010968,
0.102,5953,0.0009,0.848,0.016,0.1351,0.011906,
0.103,6182,0.0007,0.8274,0.0193,0.1526,0.012364,
0.104,6123,0.0004,0.826,0.021,0.1526,0.012246,
0.105,6481,0.0011,0.8326,0.0189,0.1474,0.012962,
0.106,6783,0.0012,0.8216,0.0183,0.1589,0.013566,
0.107,6743,0.001,0.8094,0.0245,0.1651,0.013486,
0.108,6707,0.0004,0.8046,0.0232,0.1718,0.013414,
0.109,7170,0.0005,0.8152,0.0229,0.1614,0.01434,
0.11,7609,0.0018,0.7936,0.0258,0.1788,0.015218,
0.111,7761,0.0011,0.7966,0.0241,0.1782,0.015522,
0.112,7814,0.002,0.79,0.0277,0.1803,0.015628,
0.113,7792,0.0014,0.799,0.0227,0.1769,0.015584,
0.114,8116,0.0007,0.785,0.026,0.1883,0.016232,
0.115,8302,0.0019,0.77,0.0291,0.199,0.016604,
0.116,8910,0.0019,0.7712,0.0282,0.1987,0.01782,
0.117,8899,0.0015,0.783,0.0272,0.1883,0.017798,
0.118,9061,0.0023,0.7674,0.031,0.1993,0.018122,
0.119,9331,0.0015,0.7654,0.0307,0.2024,0.018662,
0.12,9388,0.0023,0.7578,0.0333,0.2066,0.018776,
0.121,9577,0.0012,0.7688,0.0306,0.1994,0.019154,
0.122,9555,0.0011,0.7562,0.0304,0.2123,0.01911,
0.123,10669,0.0022,0.7402,0.0371,0.2205,0.021338,
0.124,10490,0.0022,0.7348,0.0376,0.2254,0.02098,
0.125,10650,0.0021,0.7268,0.0396,0.2315,0.0213,
0.126,10812,0.0021,0.7254,0.0417,0.2308,0.021624,
0.127,11202,0.0031,0.7232,0.0363,0.2374,0.022404,
0.128,11445,0.0021,0.7132,0.0381,0.2466,0.02289,
0.129,11130,0.0044,0.7114,0.0429,0.2413,0.02226,
0.13,11740,0.0038,0.7108,0.0389,0.2465,0.02348,
0.131,11483,0.0022,0.72,0.0396,0.2382,0.022966,
0.132,11931,0.003,0.7062,0.0412,0.2496,0.023862,
0.133,12018,0.0028,0.714,0.0408,0.2424,0.024036,
0.134,12536,0.005,0.7028,0.0444,0.2478,0.025072,
0.135,12770,0.0031,0.6976,0.0409,0.2584,0.02554,
0.136,13003,0.0033,0.6834,0.0427,0.2706,0.026006,
0.137,12515,0.0031,0.6966,0.0468,0.2535,0.02503,
0.138,13361,0.0033,0.686,0.0492,0.2615,0.026722,
0.139,13381,0.004,0.6864,0.0464,0.2632,0.026762,
0.14,13574,0.0035,0.6738,0.049,0.2737,0.027148,
0.141,14354,0.0045,0.6782,0.0493,0.268,0.028708,
0.142,14403,0.006,0.6672,0.0486,0.2782,0.028806,
0.143,14079,0.0042,0.6614,0.0509,0.2835,0.028158,
0.144,14354,0.0048,0.6536,0.0521,0.2895,0.028708,
0.145,14173,0.0049,0.6586,0.0534,0.2831,0.028346,
0.146,15092,0.0067,0.6342,0.0529,0.3062,0.030184,
0.147,15292,0.0066,0.6376,0.0572,0.2986,0.030584,
0.148,15902,0.0078,0.6374,0.0551,0.2997,0.031804,
0.149,15617,0.0063,0.641,0.0599,0.2928,0.031234,
0.15,16098,0.0067,0.6292,0.0607,0.3034,0.032196,
0.151,15971,0.0067,0.6318,0.0616,0.2999,0.031942,
0.152,16196,0.0062,0.619,0.061,0.3138,0.032392,
0.153,16357,0.0098,0.5976,0.0612,0.3314,0.032714,
0.154,16587,0.0052,0.6172,0.0628,0.3148,0.033174,
0.155,16392,0.0046,0.6266,0.0574,0.3114,0.032784,
0.156,17328,0.0075,0.6094,0.0634,0.3197,0.034656,
0.157,16902,0.0082,0.6248,0.0651,0.3019,0.033804,
0.158,17497,0.0061,0.6236,0.0644,0.3059,0.034994,
0.159,17589,0.0066,0.6172,0.0591,0.3171,0.035178,
0.16,18208,0.0089,0.5966,0.0673,0.3272,0.036416,
0.161,17767,0.007,0.5918,0.0655,0.3357,0.035534,
0.162,18037,0.0091,0.597,0.0663,0.3276,0.036074,
0.163,18309,0.0089,0.6062,0.0648,0.3201,0.036618,
0.164,18555,0.0078,0.595,0.0695,0.3277,0.03711,
0.165,18813,0.0079,0.5884,0.0691,0.3346,0.037626,
0.166,18809,0.0086,0.5818,0.0671,0.3425,0.037618,
0.167,19469,0.0103,0.6002,0.0702,0.3193,0.038938,
0.168,19622,0.0102,0.5622,0.0755,0.3521,0.039244,
0.169,19869,0.0112,0.5634,0.0742,0.3512,0.039738,
0.17,20040,0.0102,0.553,0.0755,0.3613,0.04008,
0.171,19398,0.0129,0.5614,0.0787,0.347,0.038796,
0.172,20777,0.0102,0.5664,0.0708,0.3526,0.041554,
0.173,20485,0.0119,0.557,0.0698,0.3613,0.04097,
0.174,20995,0.0139,0.5448,0.0784,0.3629,0.04199,
0.175,21006,0.0137,0.5464,0.0782,0.3617,0.042012,
0.176,21054,0.0135,0.545,0.0779,0.3636,0.042108,
0.177,21418,0.0144,0.5454,0.0805,0.3597,0.042836,
0.178,21377,0.0156,0.5408,0.0822,0.3614,0.042754,
0.179,21940,0.0129,0.53,0.0837,0.3734,0.04388,
0.18,21489,0.0153,0.5288,0.0848,0.3711,0.042978,
0.181,21916,0.0118,0.541,0.0767,0.3705,0.043832,
0.182,22248,0.0148,0.5338,0.0816,0.3698,0.044496,
0.183,22318,0.0149,0.5352,0.0807,0.3692,0.044636,
0.184,23014,0.0118,0.5284,0.0838,0.376,0.046028,
0.185,22419,0.0159,0.5112,0.089,0.3839,0.044838,
0.186,23455,0.0182,0.504,0.091,0.3868,0.04691,
0.187,23206,0.0186,0.5014,0.0847,0.3953,0.046412,
0.188,23033,0.0141,0.5216,0.0875,0.3768,0.046066,
0.189,23240,0.019,0.4878,0.0983,0.3949,0.04648,
0.19,23757,0.017,0.5114,0.0905,0.3811,0.047514,
0.191,24055,0.0195,0.4934,0.0928,0.3943,0.04811,
0.192,23659,0.0167,0.5028,0.0904,0.3901,0.047318,
0.193,24525,0.0185,0.4906,0.0907,0.4002,0.04905,
0.194,24683,0.0198,0.4986,0.0979,0.3837,0.049366,
0.195,24572,0.0221,0.4876,0.0958,0.3945,0.049144,
0.196,24579,0.0279,0.4812,0.0987,0.3922,0.049158,
0.197,24859,0.024,0.4782,0.0972,0.4006,0.049718,
0.198,25356,0.0243,0.4704,0.1011,0.4042,0.050712,
0.199,25017,0.0244,0.463,0.0966,0.416,0.050034,
0.2,25366,0.0301,0.4582,0.0977,0.414,0.050732,
0.201,25519,0.0204,0.4792,0.0976,0.4028,0.051038,
0.202,25723,0.0244,0.4692,0.0953,0.4111,0.051446,
0.203,25953,0.0231,0.4854,0.093,0.3985,0.051906,
0.204,26064,0.0257,0.459,0.0989,0.4164,0.052128,
0.205,26348,0.0279,0.4432,0.1071,0.4218,0.052696,
0.206,26485,0.0326,0.441,0.1016,0.4248,0.05297,
0.207,26639,0.0338,0.445,0.108,0.4132,0.053278,
0.208,26623,0.0321,0.4322,0.1041,0.4316,0.053246,
0.209,26855,0.0306,0.4552,0.1038,0.4104,0.05371,
0.21,27180,0.0353,0.4408,0.1057,0.4182,0.05436,
0.211,26947,0.0286,0.459,0.1031,0.4093,0.053894,
0.212,27191,0.0394,0.4444,0.1072,0.409,0.054382,
0.213,27214,0.0361,0.4384,0.1071,0.4184,0.054428,
0.214,27586,0.0389,0.4178,0.1125,0.4308,0.055172,
0.215,27365,0.0336,0.428,0.1062,0.4322,0.05473,
0.216,27863,0.0369,0.4376,0.1102,0.4153,0.055726,
0.217,27779,0.0414,0.4128,0.1134,0.4324,0.055558,
0.218,28138,0.0442,0.4184,0.1136,0.4238,0.056276,
0.219,28167,0.0409,0.4218,0.1139,0.4234,0.056334,
0.22,28586,0.045,0.4072,0.111,0.4368,0.057172,
0.221,28203,0.041,0.4224,0.1136,0.423,0.056406,
0.222,28593,0.0528,0.3946,0.1155,0.4371,0.057186,
0.223,28529,0.0494,0.3994,0.1142,0.437,0.057058,
0.224,29225,0.0518,0.3918,0.1145,0.4419,0.05845,
0.225,28821,0.0485,0.3918,0.1209,0.4388,0.057642,
0.226,29029,0.0493,0.3966,0.1156,0.4385,0.058058,
0.227,29015,0.0536,0.3876,0.1198,0.439,0.05803,
0.228,29313,0.058,0.3922,0.1188,0.431,0.058626,
0.229,29349,0.0593,0.3842,0.1167,0.4398,0.058698,
0.23,29835,0.0573,0.3802,0.1193,0.4432,0.05967,
0.231,29800,0.064,0.3666,0.124,0.4454,0.0596,
0.232,29539,0.0647,0.3714,0.1216,0.4423,0.059078,
0.233,29720,0.0619,0.3678,0.1242,0.4461,0.05944,
0.234,29883,0.0648,0.378,0.123,0.4342,0.059766,
0.235,30106,0.0714,0.3628,0.1182,0.4476,0.060212,
0.236,30009,0.0681,0.3596,0.1247,0.4476,0.060018,
0.237,29957,0.0867,0.3418,0.1318,0.4397,0.059914,
0.238,29979,0.0819,0.359,0.1288,0.4303,0.059958,
0.239,30350,0.0821,0.3514,0.1191,0.4474,0.0607,
0.24,29766,0.1049,0.3352,0.1317,0.4282,0.059532,
0.241,30653,0.0759,0.3466,0.1278,0.4497,0.061306,
0.242,29441,0.0947,0.339,0.125,0.4413,0.058882,
0.243,29433,0.1087,0.3274,0.1261,0.4378,0.058866,
0.244,29781,0.1184,0.3096,0.1314,0.4406,0.059562,
0.245,29788,0.1209,0.3192,0.1319,0.428,0.059576,
0.246,29311,0.1223,0.3068,0.128,0.4429,0.058622,
0.247,27981,0.1708,0.2862,0.1329,0.4101,0.055962,
0.248,0,0.8887,0.0146,0.0967,0,0,
0.249,0,0.8837,0.0152,0.1011,0,0,
0.25,0,0.8803,0.0136,0.1061,0,0,
0.251,0,0.88,0.0162,0.1038,0,0,
0.252,0,0.8746,0.0176,0.1078,0,0,
0.253,1459,0.8399,0.0298,0.1108,0.0195,0.002918,
0.254,0,0.878,0.0154,0.1066,0,0,
0.255,0,0.8746,0.0168,0.1086,0,0,
0.256,0,0.8714,0.0174,0.1112,0,0,
0.257,0,0.868,0.0192,0.1128,0,0,
0.258,0,0.8736,0.0166,0.1098,0,0,
0.259,0,0.8663,0.0176,0.1161,0,0,
0.26,0,0.8758,0.0172,0.107,0,0,
0.261,0,0.864,0.0198,0.1162,0,0,
0.262,0,0.8698,0.0194,0.1108,0,0,
0.263,0,0.8626,0.0208,0.1166,0,0,
0.264,0,0.871,0.018,0.111,0,0,
0.265,0,0.8712,0.019,0.1098,0,0,
0.266,0,0.8633,0.0216,0.1151,0,0,
0.267,0,0.8622,0.02,0.1178,0,0,
0.268,0,0.8599,0.021,0.1191,0,0,
0.269,0,0.8605,0.0196,0.1199,0,0,
0.27,0,0.8587,0.022,0.1193,0,0,
0.271,0,0.867,0.0188,0.1142,0,0,
0.272,0,0.8597,0.0196,0.1207,0,0,
0.273,0,0.8639,0.0206,0.1155,0,0,
0.274,0,0.8574,0.022,0.1206,0,0,
0.275,0,0.8534,0.0224,0.1242,0,0,
0.276,0,0.8595,0.0204,0.1201,0,0,
0.277,0,0.8556,0.023,0.1214,0,0,
0.278,0,0.8588,0.0224,0.1188,0,0,
0.279,0,0.8547,0.0228,0.1225,0,0,
0.28,0,0.8633,0.0214,0.1153,0,0,
0.281,0,0.857,0.0196,0.1234,0,0,
0.282,0,0.8547,0.021,0.1243,0,0,
0.283,0,0.8635,0.0194,0.1171,0,0,
0.284,0,0.8537,0.0236,0.1227,0,0,
0.285,0,0.8576,0.0212,0.1212,0,0,
0.286,0,0.8594,0.0218,0.1188,0,0,
0.287,0,0.8563,0.0222,0.1215,0,0,
0.288,0,0.849,0.0252,0.1258,0,0,
0.289,0,0.8533,0.0224,0.1243,0,0,
0.29,0,0.8599,0.0208,0.1193,0,0,
0.291,0,0.8541,0.023,0.1229,0,0,
0.292,0,0.8584,0.0216,0.12,0,0,
0.293,0,0.849,0.0232,0.1278,0,0,
0.294,0,0.855,0.0232,0.1218,0,0,
0.295,0,0.8512,0.0226,0.1262,0,0,
0.296,0,0.8561,0.023,0.1209,0,0,
0.297,0,0.8493,0.0248,0.1259,0,0,
0.298,0,0.8524,0.0232,0.1244,0,0,
0.299,0,0.8491,0.0224,0.1285,0,0,
0.3,0,0.8489,0.022,0.1291,0,0,
0.301,0,0.8492,0.0242,0.1266,0,0,
0.302,0,0.8522,0.023,0.1248,0,0,
0.303,0,0.8482,0.0234,0.1284,0,0,
0.304,0,0.8459,0.0254,0.1287,0,0,
0.305,0,0.8456,0.0232,0.1312,0,0,
0.306,0,0.8463,0.024,0.1297,0,0,
0.307,0,0.8565,0.0212,0.1223,0,0,
0.308,0,0.8494,0.024,0.1266,0,0,
0.309,0,0.8471,0.0234,0.1295,0,0,
0.31,0,0.8523,0.0218,0.1259,0,0,
0.311,0,0.8479,0.023,0.1291,0,0,
0.312,0,0.8503,0.0244,0.1253,0,0,
0.313,0,0.8516,0.0238,0.1246,0,0,
0.314,0,0.8475,0.0238,0.1287,0,0,
0.315,0,0.8427,0.0258,0.1315,0,0,
0.315999,0,0.8438,0.0248,0.1314,0,0,
0.316999,0,0.8453,0.0248,0.1299,0,0,
0.317999,0,0.8429,0.0258,0.1313,0,0,
0.318999,0,0.841,0.0262,0.1328,0,0,
0.319999,0,0.8475,0.023,0.1295,0,0,
0.320999,0,0.8511,0.0234,0.1255,0,0,
0.321999,0,0.8427,0.0274,0.1299,0,0,
0.322999,0,0.849,0.023,0.128,0,0,
0.323999,0,0.8498,0.0234,0.1268,0,0,
0.324999,0,0.8469,0.0232,0.1299,0,0,
0.325999,0,0.8423,0.0262,0.1315,0,0,
0.326999,0,0.8429,0.0236,0.1335,0,0,
0.327999,0,0.8448,0.025,0.1302,0,0,
0.328999,0,0.8454,0.024,0.1306,0,0,
0.329999,0,0.8449,0.0236,0.1315,0,0,
0.330999,0,0.8483,0.025,0.1267,0,0,
0.331999,0,0.8443,0.024,0.1317,0,0,
0.332999,0,0.8398,0.0266,0.1336,0,0,
0.333999,0,0.8477,0.0242,0.1281,0,0,
0.334999,0,0.8458,0.025,0.1292,0,0,
0.335999,0,0.8465,0.0258,0.1277,0,0,
0.336999,0,0.8491,0.023,0.1279,0,0,
0.337999,0,0.8471,0.0246,0.1283,0,0,
0.338999,0,0.8495,0.0232,0.1273,0,0,
0.339999,0,0.8458,0.0254,0.1288,0,0,
0.340999,0,0.845,0.0262,0.1288,0,0,
0.341999,0,0.8402,0.0254,0.1344,0,0,
0.342999,0,0.8424,0.0248,0.1328,0,0,
0.343999,0,0.8432,0.0242,0.1326,0,0,
0.344999,0,0.8396,0.025,0.1354,0,0,
0.345999,0,0.8439,0.025,0.1311,0,0,
0.346999,0,0.8392,0.0264,0.1344,0,0,
0.347999,0,0.8454,0.0268,0.1278,0,0,
0.348999,0,0.8419,0.027,0.1311,0,0,
0.349999,0,0.8431,0.0256,0.1313,0,0,
0.350999,0,0.8414,0.0274,0.1312,0,0,
0.351999,0,0.8437,0.0264,0.1299,0,0,
0.352999,0,0.8423,0.0258,0.1319,0,0,
0.353999,0,0.8419,0.0248,0.1333,0,0,
0.354999,0,0.8456,0.0238,0.1306,0,0,
0.355999,0,0.8412,0.0282,0.1306,0,0,
0.356999,0,0.8402,0.025,0.1348,0,0,
0.357999,0,0.8408,0.0284,0.1308,0,0,
0.358999,0,0.8442,0.0232,0.1326,0,0,
0.359999,0,0.8388,0.0274,0.1338,0,0,
0.360999,0,0.8421,0.0244,0.1335,0,0,
0.361999,0,0.8478,0.0226,0.1296,0,0,
0.362999,0,0.84,0.0268,0.1332,0,0,
0.363999,0,0.8356,0.0274,0.137,0,0,
0.364999,0,0.8375,0.0262,0.1363,0,0,
0.365999,0,0.8437,0.0262,0.1301,0,0,
0.366999,0,0.8388,0.027,0.1342,0,0,
0.367999,0,0.8441,0.0244,0.1315,0,0,
0.368999,0,0.845,0.0232,0.1318,0,0,
0.369999,0,0.8416,0.024,0.1344,0,0,
0.370999,0,0.8352,0.0306,0.1342,0,0,
0.371999,0,0.8387,0.0268,0.1345,0,0,
0.372999,0,0.8425,0.025,0.1325,0,0,
0.373999,0,0.8456,0.0226,0.1318,0,0,
0.374999,0,0.8395,0.0278,0.1327,0,0,
0.375999,0,0.8405,0.0252,0.1343,0,0,
0.376999,0,0.8381,0.0272,0.1347,0,0,
0.377999,0,0.8335,0.0278,0.1387,0,0,
0.378999,0,0.8477,0.0238,0.1285,0,0,
0.379999,0,0.8388,0.0272,0.134,0,0,
0.380999,0,0.8354,0.0274,0.1372,0,0,
0.381999,0,0.8397,0.026,0.1343,0,0,
0.382999,0,0.8367,0.0282,0.1351,0,0,
0.383999,0,0.8376,0.027,0.1354,0,0,
0.384999,0,0.841,0.0276,0.1314,0,0,
0.385999,0,0.8372,0.0272,0.1356,0,0,
0.386999,0,0.8403,0.0254,0.1343,0,0,
0.387999,0,0.842,0.0244,0.1336,0,0,
0.388999,0,0.8466,0.0234,0.13,0,0,
0.389999,0,0.8372,0.0268,0.136,0,0,
0.390999,0,0.8405,0.0282,0.1313,0,0,
0.391999,0,0.8381,0.0284,0.1335,0,0,
0.392998,0,0.8417,0.0246,0.1337,0,0,
0.393998,0,0.8426,0.0256,0.1318,0,0,
0.394998,0,0.8388,0.0262,0.135,0,0,
0.395998,0,0.8441,0.0268,0.1291,0,0,
0.396998,0,0.8392,0.0276,0.1332,0,0,
0.397998,0,0.8453,0.0262,0.1285,0,0,
0.398998,0,0.8361,0.0276,0.1363,0,0,
0.399998,0,0.8417,0.0246,0.1337,0,0,
0.400998,0,0.8426,0.0256,0.1318,0,0,
0.401998,0,0.8403,0.027,0.1327,0,0,
0.402998,0,0.8434,0.024,0.1326,0,0,
0.403998,0,0.8395,0.0268,0.1337,0,0,
0.404998,0,0.8384,0.0272,0.1344,0,0,
0.405998,0,0.8424,0.024,0.1336,0,0,
0.406998,0,0.8423,0.0256,0.1321,0,0,
0.407998,0,0.8405,0.027,0.1325,0,0,
0.408998,0,0.8438,0.0262,0.13,0,0,
0.409998,0,0.8446,0.0248,0.1306,0,0,
0.410998,0,0.8372,0.027,0.1358,0,0,
0.411998,0,0.8349,0.029,0.1361,0,0,
0.412998,0,0.841,0.0244,0.1346,0,0,
0.413998,0,0.8372,0.0276,0.1352,0,0,
0.414998,0,0.8413,0.025,0.1337,0,0,
0.415998,0,0.8399,0.0252,0.1349,0,0,
0.416998,0,0.8376,0.0284,0.134,0,0,
0.417998,0,0.836,0.0262,0.1378,0,0,
0.418998,0,0.8425,0.026,0.1315,0,0,
0.419998,0,0.8409,0.0266,0.1325,0,0,
0.420998,0,0.8413,0.0252,0.1335,0,0,
0.421998,0,0.8455,0.025,0.1295,0,0,
0.422998,0,0.8365,0.0272,0.1363,0,0,
0.423998,0,0.8409,0.0248,0.1343,0,0,
0.424998,0,0.8422,0.0254,0.1324,0,0,
0.425998,0,0.8381,0.0276,0.1343,0,0,
0.426998,0,0.8424,0.0284,0.1292,0,0,
0.427998,0,0.8406,0.026,0.1334,0,0,
0.428998,0,0.8368,0.0292,0.134,0,0,
0.429998,0,0.8387,0.0258,0.1355,0,0,
0.430998,0,0.8374,0.026,0.1366,0,0,
0.431998,0,0.8409,0.027,0.1321,0,0,
0.432998,0,0.8384,0.027,0.1346,0,0,
0.433998,0,0.84,0.0272,0.1328,0,0,
0.434998,0,0.8427,0.025,0.1323,0,0,
0.435998,0,0.8345,0.028,0.1375,0,0,
0.436998,0,0.8485,0.0262,0.1253,0,0,
0.437998,0,0.8417,0.0254,0.1329,0,0,
0.438998,0,0.8381,0.026,0.1359,0,0,
0.439998,0,0.836,0.0268,0.1372,0,0,
0.440998,0,0.844,0.0244,0.1316,0,0,
0.441998,0,0.8386,0.0258,0.1356,0,0,
0.442998,0,0.8411,0.0244,0.1345,0,0,
0.443998,0,0.8402,0.0254,0.1344,0,0,
0.444998,0,0.8426,0.0246,0.1328,0,0,
0.445998,0,0.8391,0.0274,0.1335,0,0,
0.446998,0,0.8385,0.0272,0.1343,0,0,
0.447998,0,0.843,0.0268,0.1302,0,0,
0.448998,0,0.8473,0.0236,0.1291,0,0,
0.449998,0,0.8399,0.027,0.1331,0,0,
0.450998,0,0.8432,0.0256,0.1312,0,0,
0.451998,0,0.8399,0.0284,0.1317,0,0,
0.452998,0,0.8476,0.023,0.1294,0,0,
0.453998,0,0.848,0.0262,0.1258,0,0,
0.454998,0,0.843,0.0268,0.1302,0,0,
0.455998,0,0.8405,0.0252,0.1343,0,0,
0.456998,0,0.8407,0.0256,0.1337,0,0,
0.457998,0,0.8431,0.0272,0.1297,0,0,
0.458998,0,0.8403,0.0268,0.1329,0,0,
0.459998,0,0.8485,0.0236,0.1279,0,0,
0.460998,0,0.8428,0.0254,0.1318,0,0,
0.461998,0,0.8431,0.0288,0.1281,0,0,
0.462998,0,0.8416,0.0264,0.132,0,0,
0.463998,0,0.8482,0.0242,0.1276,0,0,
0.464998,0,0.8435,0.0268,0.1297,0,0,
0.465998,0,0.8435,0.0254,0.1311,0,0,
0.466998,0,0.839,0.0276,0.1334,0,0,
0.467998,0,0.8448,0.0236,0.1316,0,0,
0.468998,0,0.842,0.0276,0.1304,0,0,
0.469998,0,0.8386,0.0264,0.135,0,0,
0.470997,0,0.8429,0.025,0.1321,0,0,
0.471997,0,0.8491,0.027,0.1239,0,0,
0.472997,0,0.8433,0.0276,0.1291,0,0,
0.473997,0,0.846,0.0276,0.1264,0,0,
0.474997,0,0.8386,0.0294,0.132,0,0,
0.475997,0,0.8382,0.0284,0.1334,0,0,
0.476997,0,0.8446,0.0252,0.1302,0,0,
0.477997,0,0.8417,0.0274,0.1309,0,0,
0.478997,0,0.8399,0.0276,0.1325,0,0,
0.479997,0,0.8441,0.028,0.1279,0,0,
0.480997,0,0.8426,0.0264,0.131,0,0,
0.481997,0,0.8441,0.0268,0.1291,0,0,
0.482997,0,0.8455,0.0254,0.1291,0,0,
0.483997,0,0.8434,0.0274,0.1292,0,0,
0.484997,0,0.8429,0.0254,0.1317,0,0,
0.485997,0,0.8481,0.0252,0.1267,0,0,
0.486997,0,0.8449,0.0246,0.1305,0,0,
0.487997,0,0.8442,0.0256,0.1302,0,0,
0.488997,0,0.8442,0.0282,0.1276,0,0,
0.489997,0,0.8419,0.027,0.1311,0,0,
0.490997,0,0.8422,0.0262,0.1316,0,0,
0.491997,0,0.8457,0.0268,0.1275,0,0,
0.492997,0,0.8399,0.0272,0.1329,0,0,
0.493997,0,0.846,0.0278,0.1262,0,0,
0.494997,0,0.8445,0.0246,0.1309,0,0,
0.495997,0,0.8493,0.0252,0.1255,0,0,
0.496997,0,0.8456,0.0268,0.1276,0,0,
0.497997,0,0.845,0.0256,0.1294,0,0,
0.498997,0,0.8378,0.0278,0.1344,0,0,
0.499997,0,0.8403,0.0266,0.1331,0,0,
0.500997,0,0.8433,0.028,0.1287,0,0,
0.501997,0,0.8455,0.0272,0.1273,0,0,
0.502997,0,0.851,0.0258,0.1232,0,0,
0.503997,0,0.8436,0.0264,0.13,0,0,
0.504997,0,0.8483,0.0248,0.1269,0,0,
0.505997,0,0.8438,0.0258,0.1304,0,0,
0.506997,0,0.8462,0.0282,0.1256,0,0,
0.507997,0,0.8444,0.025,0.1306,0,0,
0.508997,0,0.8426,0.0286,0.1288,0,0,
0.509997,0,0.8435,0.0274,0.1291,0,0,
0.510997,0,0.8464,0.024,0.1296,0,0,
0.511997,0,0.8461,0.0262,0.1277,0,0,
0.512997,0,0.8444,0.0252,0.1304,0,0,
0.513997,0,0.8428,0.0274,0.1298,0,0,
0.514997,0,0.8416,0.026,0.1324,0,0,
0.515997,0,0.84,0.0296,0.1304,0,0,
0.516997,0,0.8465,0.0252,0.1283,0,0,
0.517997,0,0.8485,0.026,0.1255,0,0,
0.518997,0,0.8475,0.0252,0.1273,0,0,
0.519997,0,0.8461,0.0256,0.1283,0,0,
0.520997,0,0.8486,0.0276,0.1238,0,0,
0.521997,0,0.8451,0.0276,0.1273,0,0,
0.522997,0,0.8548,0.026,0.1192,0,0,
0.523997,0,0.8499,0.0256,0.1245,0,0,
0.524997,0,0.8464,0.0272,0.1264,0,0,
0.525997,0,0.847,0.026,0.127,0,0,
0.526997,0,0.8492,0.0256,0.1252,0,0,
0.527997,0,0.8526,0.0242,0.1232,0,0,
0.528997,0,0.8572,0.0232,0.1196,0,0,
0.529997,0,0.8443,0.0258,0.1299,0,0,
0.530997,0,0.8487,0.0242,0.1271,0,0,
0.531997,0,0.8487,0.0274,0.1239,0,0,
0.532997,0,0.8475,0.0268,0.1257,0,0,
0.533997,0,0.8512,0.0236,0.1252,0,0,
0.534997,0,0.8441,0.0274,0.1285,0,0,
0.535997,0,0.8412,0.0278,0.131,0,0,
0.536997,0,0.8544,0.0244,0.1212,0,0,
0.537997,0,0.8538,0.0248,0.1214,0,0,
0.538997,0,0.8527,0.0246,0.1227,0,0,
0.539997,0,0.8475,0.026,0.1265,0,0,
0.540997,0,0.8471,0.0272,0.1257,0,0,
0.541997,0,0.8501,0.0278,0.1221,0,0,
0.542997,0,0.8484,0.0274,0.1242,0,0,
0.543997,0,0.8538,0.0222,0.124,0,0,
0.544997,0,0.8496,0.0262,0.1242,0,0,
0.545997,0,0.8482,0.0264,0.1254,0,0,
0.546997,0,0.85,0.0254,0.1246,0,0,
0.547997,0,0.849,0.0264,0.1246,0,0,
0.548997,0,0.8499,0.0242,0.1259,0,0,
0.549997,0,0.8447,0.0274,0.1279,0,0,
0.550996,0,0.8549,0.0258,0.1193,0,0,
0.551996,0,0.8501,0.0266,0.1233,0,0,
0.552996,0,0.8559,0.024,0.1201,0,0,
0.553996,0,0.8511,0.026,0.1229,0,0,
0.554996,0,0.8511,0.0272,0.1217,0,0,
0.555996,0,0.8489,0.0274,0.1237,0,0,
0.556996,0,0.8547,0.0256,0.1197,0,0,
0.557996,0,0.8534,0.0256,0.121,0,0,
0.558996,0,0.8506,0.0274,0.122,0,0,
0.559996,0,0.8527,0.026,0.1213,0,0,
0.560996,0,0.8527,0.026,0.1213,0,0,
0.561996,0,0.8524,0.0272,0.1204,0,0,
0.562996,0,0.8492,0.0288,0.122,0,0,
0.563996,0,0.846,0.0278,0.1262,0,0,
0.564996,0,0.8527,0.027,0.1203,0,0,
0.565996,0,0.8556,0.0232,0.1212,0,0,
0.566996,0,0.861,0.0244,0.1146,0,0,
0.567996,0,0.8511,0.0246,0.1243,0,0,
0.568996,0,0.8546,0.0258,0.1196,0,0,
0.569996,0,0.858,0.0242,0.1178,0,0,
0.570996,0,0.8508,0.027,0.1222,0,0,
0.571996,0,0.8515,0.0258,0.1227,0,0,
0.572996,0,0.8573,0.0242,0.1185,0,0,
0.573996,0,0.8536,0.0272,0.1192,0,0,
0.574996,0,0.8506,0.028,0.1214,0,0,
0.575996,0,0.8594,0.023,0.1176,0,0,
0.576996,0,0.8537,0.0258,0.1205,0,0,
0.577996,0,0.8522,0.0246,0.1232,0,0,
0.578996,0,0.853,0.0274,0.1196,0,0,
0.579996,0,0.854,0.024,0.122,0,0,
0.580996,0,0.8533,0.0252,0.1215,0,0,
0.581996,0,0.854,0.0272,0.1188,0,0,
0.582996,0,0.8519,0.0276,0.1205,0,0,
0.583996,0,0.8576,0.0258,0.1166,0,0,
0.584996,0,0.8552,0.0256,0.1192,0,0,
0.585996,0,0.8504,0.026,0.1236,0,0,
0.586996,0,0.8553,0.0262,0.1185,0,0,
0.587996,0,0.8538,0.0282,0.118,0,0,
0.588996,0,0.8528,0.0264,0.1208,0,0,
0.589996,0,0.8505,0.027,0.1225,0,0,
0.590996,0,0.8549,0.026,0.1191,0,0,
0.591996,0,0.8603,0.0242,0.1155,0,0,
0.592996,0,0.8545,0.0264,0.1191,0,0,
0.593996,0,0.8545,0.0258,0.1197,0,0,
0.594996,0,0.8604,0.0274,0.1122,0,0,
0.595996,0,0.8592,0.0238,0.117,0,0,
0.596996,0,0.8569,0.026,0.1171,0,0,
0.597996,0,0.8568,0.026,0.1172,0,0,
0.598996,0,0.8549,0.0272,0.1179,0,0,
0.599996,0,0.8552,0.0254,0.1194,0,0,
0.600996,0,0.8572,0.0262,0.1166,0,0,
0.601996,0,0.8551,0.0254,0.1195,0,0,
0.602996,0,0.8642,0.0236,0.1122,0,0,
0.603996,0,0.8577,0.0258,0.1165,0,0,
0.604996,0,0.8529,0.0262,0.1209,0,0,
0.605996,0,0.8614,0.0252,0.1134,0,0,
0.606996,0,0.8577,0.0246,0.1177,0,0,
0.607996,0,0.855,0.0266,0.1184,0,0,
0.608996,0,0.8548,0.0274,0.1178,0,0,
0.609996,0,0.8577,0.0256,0.1167,0,0,
0.610996,0,0.857,0.0284,0.1146,0,0,
0.611996,0,0.8616,0.0246,0.1138,0,0,
0.612996,0,0.8575,0.0244,0.1181,0,0,
0.613996,0,0.8589,0.0248,0.1163,0,0,
0.614996,0,0.8617,0.0268,0.1115,0,0,
0.615996,0,0.8647,0.0234,0.1119,0,0,
0.616996,0,0.8549,0.0266,0.1185,0,0,
0.617996,0,0.8582,0.0252,0.1166,0,0,
0.618996,0,0.8575,0.0268,0.1157,0,0,
0.619996,0,0.8627,0.025,0.1123,0,0,
0.620996,0,0.8624,0.0252,0.1124,0,0,
0.621996,0,0.8643,0.0246,0.1111,0,0,
0.622996,0,0.8637,0.024,0.1123,0,0,
0.623996,0,0.8625,0.024,0.1135,0,0,
0.624996,0,0.8619,0.0248,0.1133,0,0,
0.625996,0,0.8614,0.0256,0.113,0,0,
0.626996,0,0.8639,0.0258,0.1103,0,0,
0.627996,0,0.8621,0.025,0.1129,0,0,
0.628995,0,0.8612,0.0266,0.1122,0,0,
0.629995,0,0.8607,0.0266,0.1127,0,0,
0.630995,0,0.8651,0.025,0.1099,0,0,
0.631995,0,0.8624,0.0264,0.1112,0,0,
0.632995,0,0.8575,0.0274,0.1151,0,0,
0.633995,0,0.8669,0.0238,0.1093,0,0,
0.634995,0,0.8664,0.0228,0.1108,0,0,
0.635995,0,0.8612,0.0244,0.1144,0,0,
0.636995,0,0.8592,0.0258,0.115,0,0,
0.637995,0,0.8691,0.0232,0.1077,0,0,
0.638995,0,0.8693,0.0232,0.1075,0,0,
0.639995,0,0.857,0.0288,0.1142,0,0,
0.640995,0,0.8711,0.0224,0.1065,0,0,
0.641995,0,0.8662,0.025,0.1088,0,0,
0.642995,0,0.8686,0.023,0.1084,0,0,
0.643995,0,0.8664,0.0226,0.111,0,0,
0.644995,0,0.8666,0.0244,0.109,0,0,
0.645995,0,0.8628,0.027,0.1102,0,0,
0.646995,0,0.8715,0.023,0.1055,0,0,
0.647995,0,0.8674,0.0244,0.1082,0,0,
0.648995,0,0.8691,0.0234,0.1075,0,0,
0.649995,0,0.8647,0.0234,0.1119,0,0,
0.650995,0,0.8714,0.0246,0.104,0,0,
0.651995,0,0.8631,0.0256,0.1113,0,0,
0.652995,0,0.8632,0.028,0.1088,0,0,
0.653995,0,0.869,0.0248,0.1062,0,0,
0.654995,0,0.8657,0.0226,0.1117,0,0,
0.655995,0,0.8667,0.0242,0.1091,0,0,
0.656995,0,0.8734,0.0218,0.1048,0,0,
0.657995,0,0.8637,0.0246,0.1117,0,0,
0.658995,0,0.8688,0.025,0.1062,0,0,
0.659995,0,0.8665,0.0238,0.1097,0,0,
0.660995,0,0.8741,0.0236,0.1023,0,0,
0.661995,0,0.8701,0.0218,0.1081,0,0,
0.662995,0,0.869,0.0232,0.1078,0,0,
0.663995,0,0.8688,0.0248,0.1064,0,0,
0.664995,0,0.8738,0.024,0.1022,0,0,
0.665995,0,0.8727,0.0246,0.1027,0,0,
0.666995,0,0.876,0.0202,0.1038,0,0,
0.667995,0,0.8723,0.0246,0.1031,0,0,
0.668995,0,0.8693,0.0248,0.1059,0,0,
0.669995,0,0.8645,0.0236,0.1119,0,0,
0.670995,0,0.8719,0.0238,0.1043,0,0,
0.671995,0,0.8749,0.0228,0.1023,0,0,
0.672995,0,0.8774,0.0218,0.1008,0,0,
0.673995,0,0.8721,0.0242,0.1037,0,0,
0.674995,0,0.8775,0.0226,0.0999,0,0,
0.675995,0,0.8767,0.0226,0.1007,0,0,
0.676995,0,0.8803,0.0202,0.0995,0,0,
0.677995,0,0.8719,0.0246,0.1035,0,0,
0.678995,0,0.8781,0.0218,0.1001,0,0,
0.679995,0,0.8751,0.0228,0.1021,0,0,
0.680995,0,0.871,0.0248,0.1042,0,0,
0.681995,0,0.874,0.0242,0.1018,0,0,
0.682995,0,0.874,0.0214,0.1046,0,0,
0.683995,0,0.8773,0.0228,0.0999,0,0,
0.684995,0,0.8799,0.0226,0.0975,0,0,
0.685995,0,0.8709,0.0268,0.1023,0,0,
0.686995,0,0.8762,0.0234,0.1004,0,0,
0.687995,0,0.8795,0.0234,0.0971,0,0,
0.688995,0,0.8777,0.0218,0.1005,0,0,
0.689995,0,0.8825,0.0212,0.0963,0,0,
0.690995,0,0.8763,0.0222,0.1015,0,0,
0.691995,0,0.8783,0.0228,0.0989,0,0,
0.692995,0,0.8793,0.0194,0.1013,0,0,
0.693995,0,0.8821,0.0206,0.0973,0,0,
0.694995,0,0.878,0.0218,0.1002,0,0,
0.695995,0,0.8803,0.0224,0.0973,0,0,
0.696995,0,0.8749,0.025,0.1001,0,0,
0.697995,0,0.8804,0.0242,0.0954,0,0,
0.698995,0,0.8819,0.022,0.0961,0,0,
0.699995,0,0.8802,0.0214,0.0984,0,0,
0.700995,0,0.877,0.0234,0.0996,0,0,
0.701995,0,0.8831,0.0186,0.0983,0,0,
0.702995,0,0.885,0.0204,0.0946,0,0,
0.703995,0,0.8801,0.0234,0.0965,0,0,
0.704995,0,0.8821,0.0214,0.0965,0,0,
0.705994,0,0.8817,0.0192,0.0991,0,0,
0.706994,0,0.8887,0.0194,0.0919,0,0,
0.707994,0,0.8848,0.0202,0.095,0,0,
0.708994,0,0.8853,0.0208,0.0939,0,0,
0.709994,0,0.8853,0.0216,0.0931,0,0,
0.710994,0,0.8841,0.0196,0.0963,0,0,
0.711994,0,0.8868,0.0206,0.0926,0,0,
0.712994,0,0.8865,0.0204,0.0931,0,0,
0.713994,0,0.8801,0.0218,0.0981,0,0,
0.714994,0,0.8857,0.0222,0.0921,0,0,
0.715994,0,0.8799,0.0226,0.0975,0,0,
0.716994,0,0.8879,0.022,0.0901,0,0,
0.717994,0,0.8887,0.0188,0.0925,0,0,
0.718994,0,0.8842,0.0228,0.093,0,0,
0.719994,0,0.8861,0.02,0.0939,0,0,
0.720994,0,0.8859,0.0206,0.0935,0,0,
0.721994,0,0.8881,0.02,0.0919,0,0,
0.722994,0,0.8887,0.0204,0.0909,0,0,
0.723994,0,0.8869,0.0192,0.0939,0,0,
0.724994,0,0.8866,0.0212,0.0922,0,0,
0.725994,0,0.8813,0.023,0.0957,0,0,
0.726994,0,0.8854,0.0216,0.093,0,0,
0.727994,0,0.889,0.0208,0.0902,0,0,
0.728994,0,0.8861,0.0226,0.0913,0,0,
0.729994,0,0.8883,0.0216,0.0901,0,0,
0.730994,0,0.8878,0.0198,0.0924,0,0,
0.731994,0,0.8912,0.0194,0.0894,0,0,
0.732994,0,0.8915,0.0196,0.0889,0,0,
0.733994,0,0.8879,0.0226,0.0895,0,0,
0.734994,0,0.8918,0.0212,0.087,0,0,
0.735994,0,0.8899,0.021,0.0891,0,0,
0.736994,0,0.8906,0.0194,0.09,0,0,
0.737994,0,0.8929,0.0186,0.0885,0,0,
0.738994,0,0.8896,0.0198,0.0906,0,0,
0.739994,0,0.9039,0.0172,0.0789,0,0,
0.740994,0,0.8893,0.0198,0.0909,0,0,
0.741994,0,0.893,0.0198,0.0872,0,0,
0.742994,0,0.893,0.0208,0.0862,0,0,
0.743994,0,0.8882,0.019,0.0928,0,0,
0.744994,0,0.8931,0.02,0.0869,0,0,
0.745994,0,0.8923,0.0162,0.0915,0,0,
0.746994,0,0.8936,0.0194,0.087,0,0,
0.747994,0,0.8925,0.0208,0.0867,0,0,
0.748994,0,0.8936,0.0198,0.0866,0,0,
0.749994,0,0.8963,0.0196,0.0841,0,0,
0.750994,0,0.8969,0.0184,0.0847,0,0,
0.751994,0,0.8983,0.0174,0.0843,0,0,
0.752994,0,0.9051,0.0162,0.0787,0,0,
0.753994,0,0.8937,0.0194,0.0869,0,0,
0.754994,0,0.8971,0.0184,0.0845,0,0,
0.755994,0,0.8974,0.0182,0.0844,0,0,
0.756994,0,0.8965,0.0172,0.0863,0,0,
0.757994,0,0.8963,0.018,0.0857,0,0,
0.758994,0,0.9004,0.0188,0.0808,0,0,
0.759994,0,0.8988,0.0178,0.0834,0,0,
0.760994,0,0.899,0.0196,0.0814,0,0,
0.761994,0,0.9025,0.0184,0.0791,0,0,
0.762994,0,0.9037,0.0176,0.0787,0,0,
0.763994,0,0.902,0.0174,0.0806,0,0,
0.764994,0,0.9007,0.0168,0.0825,0,0,
0.765994,0,0.8994,0.0172,0.0834,0,0,
0.766994,0,0.9054,0.0166,0.078,0,0,
0.767994,0,0.897,0.0198,0.0832,0,0,
0.768994,0,0.9044,0.0162,0.0794,0,0,
0.769994,0,0.9041,0.017,0.0789,0,0,
0.770994,0,0.9063,0.0168,0.0769,0,0,
0.771994,0,0.9019,0.0174,0.0807,0,0,
0.772994,0,0.9073,0.0152,0.0775,0,0,
0.773994,0,0.9071,0.015,0.0779,0,0,
0.774994,0,0.9049,0.0172,0.0779,0,0,
0.775994,0,0.9069,0.0158,0.0773,0,0,
0.776994,0,0.9038,0.0162,0.08,0,0,
0.777994,0,0.9049,0.0168,0.0783,0,0,
0.778994,0,0.9037,0.0164,0.0799,0,0,
0.779994,0,0.907,0.0168,0.0762,0,0,
0.780994,0,0.9076,0.0158,0.0766,0,0,
0.781994,0,0.9025,0.0162,0.0813,0,0,
0.782994,0,0.9085,0.0162,0.0753,0,0,
0.783993,0,0.9118,0.016,0.0722,0,0,
0.784993,0,0.9078,0.0166,0.0756,0,0,
0.785993,0,0.9038,0.0156,0.0806,0,0,
0.786993,0,0.9063,0.0154,0.0783,0,0,
0.787993,0,0.9079,0.0144,0.0777,0,0,
0.788993,0,0.9069,0.0154,0.0777,0,0,
0.789993,0,0.9098,0.0146,0.0756,0,0,
0.790993,0,0.9096,0.0158,0.0746,0,0,
0.791993,0,0.9109,0.0144,0.0747,0,0,
0.792993,0,0.9073,0.0144,0.0783,0,0,
0.793993,0,0.9156,0.0126,0.0718,0,0,
0.794993,0,0.9107,0.0152,0.0741,0,0,
0.795993,0,0.9129,0.015,0.0721,0,0,
0.796993,0,0.9132,0.0136,0.0732,0,0,
0.797993,0,0.9064,0.0152,0.0784,0,0,
0.798993,0,0.914,0.0164,0.0696,0,0,
0.799993,0,0.9137,0.0134,0.0729,0,0,
0.800993,0,0.9176,0.0122,0.0702,0,0,
0.801993,0,0.9135,0.0148,0.0717,0,0,
0.802993,0,0.9162,0.0148,0.069,0,0,
0.803993,0,0.9139,0.0146,0.0715,0,0,
0.804993,0,0.917,0.014,0.069,0,0,
0.805993,0,0.9187,0.0104,0.0709,0,0,
0.806993,0,0.9195,0.0126,0.0679,0,0,
0.807993,0,0.915,0.0144,0.0706,0,0,
0.808993,0,0.9215,0.011,0.0675,0,0,
0.809993,0,0.9192,0.013,0.0678,0,0,
0.810993,0,0.915,0.0156,0.0694,0,0,
0.811993,0,0.9203,0.0114,0.0683,0,0,
0.812993,0,0.916,0.013,0.071,0,0,
0.813993,0,0.915,0.0134,0.0716,0,0,
0.814993,0,0.9189,0.0112,0.0699,0,0,
0.815993,0,0.9202,0.0122,0.0676,0,0,
0.816993,0,0.9188,0.012,0.0692,0,0,
0.817993,0,0.9211,0.011,0.0679,0,0,
0.818993,0,0.9166,0.012,0.0714,0,0,
0.819993,0,0.9221,0.012,0.0659,0,0,
0.820993,0,0.9208,0.0122,0.067,0,0,
0.821993,0,0.9215,0.0104,0.0681,0,0,
0.822993,0,0.9267,0.0122,0.0611,0,0,
0.823993,0,0.9162,0.0136,0.0702,0,0,
0.824993,0,0.9181,0.0146,0.0673,0,0,
0.825993,0,0.9209,0.0142,0.0649,0,0,
0.826993,0,0.9247,0.012,0.0633,0,0,
0.827993,0,0.9203,0.0104,0.0693,0,0,
0.828993,0,0.9281,0.0096,0.0623,0,0,
0.829993,0,0.9232,0.0114,0.0654,0,0,
0.830993,0,0.9227,0.0144,0.0629,0,0,
0.831993,0,0.9239,0.0128,0.0633,0,0,
0.832993,0,0.926,0.0118,0.0622,0,0,
0.833993,0,0.9275,0.0086,0.0639,0,0,
0.834993,0,0.9243,0.0114,0.0643,0,0,
0.835993,0,0.9258,0.0116,0.0626,0,0,
0.836993,0,0.9289,0.0106,0.0605,0,0,
0.837993,0,0.9308,0.009,0.0602,0,0,
0.838993,0,0.9309,0.007,0.0621,0,0,
0.839993,0,0.9303,0.0092,0.0605,0,0,
0.840993,0,0.9299,0.0098,0.0603,0,0,
0.841993,0,0.9278,0.0098,0.0624,0,0,
0.842993,0,0.9271,0.0102,0.0627,0,0,
0.843993,0,0.9274,0.0106,0.062,0,0,
0.844993,0,0.9289,0.011,0.0601,0,0,
0.845993,0,0.9318,0.0074,0.0608,0,0,
0.846993,0,0.9316,0.0088,0.0596,0,0,
0.847993,0,0.9309,0.0092,0.0599,0,0,
0.848993,0,0.9328,0.009,0.0582,0,0,
0.849993,0,0.9325,0.0092,0.0583,0,0,
0.850993,0,0.9346,0.0084,0.057,0,0,
0.851993,0,0.9342,0.007,0.0588,0,0,
0.852993,0,0.9341,0.0092,0.0567,0,0,
0.853993,0,0.9349,0.0106,0.0545,0,0,
0.854993,0,0.9357,0.0096,0.0547,0,0,
0.855993,0,0.9363,0.0074,0.0563,0,0,
0.856993,0,0.9318,0.0086,0.0596,0,0,
0.857993,0,0.938,0.0078,0.0542,0,0,
0.858993,0,0.9406,0.008,0.0514,0,0,
0.859993,0,0.9367,0.0096,0.0537,0,0,
0.860993,0,0.9364,0.0086,0.055,0,0,
0.861992,0,0.9403,0.0072,0.0525,0,0,
0.862992,0,0.9396,0.0068,0.0536,0,0,
0.863992,0,0.9378,0.0082,0.054,0,0,
0.864992,0,0.9385,0.008,0.0535,0,0,
0.865992,0,0.9397,0.0068,0.0535,0,0,
0.866992,0,0.9379,0.009,0.0531,0,0,
0.867992,0,0.934,0.0104,0.0556,0,0,
0.868992,0,0.9399,0.0082,0.0519,0,0,
0.869992,0,0.946,0.006,0.048,0,0,
0.870992,0,0.9384,0.008,0.0536,0,0,
0.871992,0,0.945,0.0052,0.0498,0,0,
0.872992,0,0.9369,0.0092,0.0539,0,0,
0.873992,0,0.9455,0.0076,0.0469,0,0,
0.874992,0,0.9461,0.0058,0.0481,0,0,
0.875992,0,0.9455,0.007,0.0475,0,0,
0.876992,0,0.9399,0.008,0.0521,0,0,
0.877992,0,0.9392,0.0084,0.0524,0,0,
0.878992,0,0.9449,0.0072,0.0479,0,0,
0.879992,0,0.9458,0.0066,0.0476,0,0,
0.880992,0,0.9489,0.0042,0.0469,0,0,
0.881992,0,0.9444,0.0076,0.048,0,0,
0.882992,0,0.9453,0.0076,0.0471,0,0,
0.883992,0,0.9475,0.0064,0.0461,0,0,
0.884992,0,0.948,0.006,0.046,0,0,
0.885992,0,0.9472,0.0068,0.046,0,0,
0.886992,0,0.9438,0.0062,0.05,0,0,
0.887992,0,0.9525,0.0038,0.0437,0,0,
0.888992,0,0.9478,0.0062,0.046,0,0,
0.889992,0,0.9527,0.0044,0.0429,0,0,
0.890992,0,0.9511,0.006,0.0429,0,0,
0.891992,0,0.9492,0.006,0.0448,0,0,
0.892992,0,0.9529,0.0044,0.0427,0,0,
0.893992,0,0.9505,0.0042,0.0453,0,0,
0.894992,0,0.9487,0.0054,0.0459,0,0,
0.895992,0,0.9513,0.0046,0.0441,0,0,
0.896992,0,0.9495,0.0062,0.0443,0,0,
0.897992,0,0.9541,0.0048,0.0411,0,0,
0.898992,0,0.9553,0.0046,0.0401,0,0,
0.899992,0,0.9561,0.0042,0.0397,0,0,
0.900992,0,0.9528,0.004,0.0432,0,0,
0.901992,0,0.9564,0.0042,0.0394,0,0,
0.902992,0,0.9529,0.006,0.0411,0,0,
0.903992,0,0.9625,0.0034,0.0341,0,0,
0.904992,0,0.9562,0.0042,0.0396,0,0,
0.905992,0,0.9581,0.0042,0.0377,0,0,
0.906992,0,0.9565,0.0044,0.0391,0,0,
0.907992,0,0.9549,0.004,0.0411,0,0,
0.908992,0,0.9552,0.0046,0.0402,0,0,
0.909992,0,0.9591,0.0044,0.0365,0,0,
0.910992,0,0.9605,0.0042,0.0353,0,0,
0.911992,0,0.958,0.0036,0.0384,0,0,
0.912992,0,0.9592,0.0034,0.0374,0,0,
0.913992,0,0.9615,0.0026,0.0359,0,0,
0.914992,0,0.9607,0.0032,0.0361,0,0,
0.915992,0,0.9589,0.0036,0.0375,0,0,
0.916992,0,0.9606,0.0028,0.0366,0,0,
0.917992,0,0.9639,0.0034,0.0327,0,0,
0.918992,0,0.9612,0.004,0.0348,0,0,
0.919992,0,0.9626,0.0018,0.0356,0,0,
0.920992,0,0.9641,0.0022,0.0337,0,0,
0.921992,0,0.9642,0.0028,0.033,0,0,
0.922992,0,0.9616,0.003,0.0354,0,0,
0.923992,0,0.9633,0.0028,0.0339,0,0,
0.924992,0,0.9654,0.0024,0.0322,0,0,
0.925992,0,0.9646,0.004,0.0314,0,0,
0.926992,0,0.9646,0.0026,0.0328,0,0,
0.927992,0,0.9698,0.0016,0.0286,0,0,
0.928992,0,0.9651,0.0032,0.0317,0,0,
0.929992,0,0.9653,0.0026,0.0321,0,0,
0.930992,0,0.9688,0.0026,0.0286,0,0,
0.931992,0,0.9675,0.0026,0.0299,0,0,
0.932992,0,0.9687,0.0026,0.0287,0,0,
0.933992,0,0.9647,0.0028,0.0325,0,0,
0.934992,0,0.9697,0.002,0.0283,0,0,
0.935992,0,0.9692,0.0016,0.0292,0,0,
0.936992,0,0.9675,0.0016,0.0309,0,0,
0.937992,0,0.9689,0.0018,0.0293,0,0,
0.938991,0,0.9722,0.002,0.0258,0,0,
0.939991,0,0.9697,0.0024,0.0279,0,0,
0.940991,0,0.973,0.0014,0.0256,0,0,
0.941991,0,0.9746,0.0014,0.024,0,0,
0.942991,0,0.9733,0.0016,0.0251,0,0,
0.943991,0,0.9716,0.0022,0.0262,0,0,
0.944991,0,0.9762,0.002,0.0218,0,0,
0.945991,0,0.9733,0.002,0.0247,0,0,
0.946991,0,0.9758,0.001,0.0232,0,0,
0.947991,0,0.9759,0.0016,0.0225,0,0,
0.948991,0,0.9764,0.0016,0.022,0,0,
0.949991,0,0.9803,0.0008,0.0189,0,0,
0.950991,0,0.9761,0.0012,0.0227,0,0,
0.951991,0,0.9797,0.0012,0.0191,0,0,
0.952991,0,0.9811,0.0004,0.0185,0,0,
0.953991,0,0.9766,0.0012,0.0222,0,0,
0.954991,0,0.9794,0.001,0.0196,0,0,
0.955991,0,0.9816,0.0004,0.018,0,0,
0.956991,0,0.9782,0.0012,0.0206,0,0,
0.957991,0,0.9784,0.0014,0.0202,0,0,
0.958991,0,0.9826,0.0002,0.0172,0,0,
0.959991,0,0.979,0.0012,0.0198,0,0,
0.960991,0,0.9801,0.0012,0.0187,0,0,
0.961991,0,0.98,0.0012,0.0188,0,0,
0.962991,0,0.9862,0.0002,0.0136,0,0,
0.963991,0,0.982,0.0008,0.0172,0,0,
0.964991,0,0.9824,0.0006,0.017,0,0,
0.965991,0,0.9837,0.0006,0.0157,0,0,
0.966991,0,0.9829,0.0006,0.0165,0,0,
0.967991,0,0.9841,0.0004,0.0155,0,0,
0.968991,0,0.9841,0.0008,0.0151,0,0,
0.969991,0,0.9848,0.0002,0.015,0,0,
0.970991,0,0.9856,0.001,0.0134,0,0,
0.971991,0,0.9871,0.0002,0.0127,0,0,
0.972991,0,0.9884,0.0002,0.0114,0,0,
0.973991,0,0.9863,0.0006,0.0131,0,0,
0.974991,0,0.986,0.0002,0.0138,0,0,
0.975991,0,0.9888,0,0.0112,0,0,
0.976991,0,0.9883,0.0008,0.0109,0,0,
0.977991,0,0.9879,0.0002,0.0119,0,0,
0.978991,0,0.9893,0,0.0107,0,0,
0.979991,0,0.9908,0.0002,0.009,0,0,
0.980991,0,0.9907,0.0002,0.0091,0,0,
0.981991,0,0.9903,0.0004,0.0093,0,0,
0.982991,0,0.9919,0,0.0081,0,0,
0.983991,0,0.9932,0,0.0068,0,0,
0.984991,0,0.9914,0.0002,0.0084,0,0,
0.985991,0,0.9931,0.0002,0.0067,0,0,
0.986991,0,0.9933,0.0004,0.0063,0,0,
0.987991,0,0.9955,0,0.0045,0,0,
0.988991,0,0.9943,0.0002,0.0055,0,0,
0.989991,0,0.9963,0,0.0037,0,0,
0.990991,0,0.9962,0,0.0038,0,0,
0.991991,0,0.9967,0,0.0033,0,0,
0.992991,0,0.9973,0,0.0027,0,0,
0.993991,0,0.9966,0,0.0034,0,0,
0.994991,0,0.998,0,0.002,0,0,
0.995991,0,0.9979,0,0.0021,0,0,
0.996991,0,0.9985,0,0.0015,0,0,
0.997991,0,0.9984,0,0.0016,0,0,
0.998991,0,0.9996,0,0.0004,0,0,
0.999991,0,1,0,0,0,0,
1.00099,0,1,0,0,0,0,
